{
  "code_obj": {
    "dumps_median": 0.040405122010270134,
    "dumps_min": 0.039836373005528,
    "dumps_number": 100000,
    "dumps_runs": [
      0.040096846991218626,
      0.04028077999828383,
      0.04065272197476588,
      0.04065836101653986,
      0.04028131702216342,
      0.040413388021988794,
      0.039836373005528,
      0.04000361601356417,
      0.04100019999896176,
      0.040806725999573246,
      0.040405122010270134
    ],
    "loads_median": 0.09791472702636383,
    "loads_min": 0.09674789398559369,
    "loads_number": 200000,
    "loads_runs": [
      0.09674789398559369,
      0.09708369200234301,
      0.09783264898578636,
      0.09744057801435702,
      0.09815629699733108,
      0.09906345797935501,
      0.09835395799018443,
      0.09974412800511345,
      0.09990381199168041,
      0.09737725998274982,
      0.09791472702636383
    ]
  },
  "nested_dict": {
    "dumps_median": 0.07455040101194754,
    "dumps_min": 0.07420829197508283,
    "dumps_number": 100000,
    "dumps_runs": [
      0.07494553699507378,
      0.07451574600418098,
      0.07446633197832853,
      0.07566936200601049,
      0.07430389401270077,
      0.07455040101194754,
      0.07424808200448751,
      0.07420829197508283,
      0.07491164302336983,
      0.07538196400855668,
      0.0746764489740599
    ],
    "loads_median": 0.08682646200759336,
    "loads_min": 0.08603669900912791,
    "loads_number": 200000,
    "loads_runs": [
      0.08728363699628972,
      0.08605418298975565,
      0.08732464100467041,
      0.08639801701065153,
      0.08744612199370749,
      0.08878127401112579,
      0.08682646200759336,
      0.08644566498696804,
      0.08648836001520976,
      0.08734603400807828,
      0.08603669900912791
    ]
  },
  "small_tuple": {
    "dumps_median": 0.0156986290239729,
    "dumps_min": 0.01551589198061265,
    "dumps_number": 100000,
    "dumps_runs": [
      0.015826012007892132,
      0.015661484998418018,
      0.01551589198061265,
      0.01563638899824582,
      0.0156986290239729,
      0.015819393011042848,
      0.01584347800235264,
      0.01551837200531736,
      0.015644578001229092,
      0.01609343197196722,
      0.01589953200891614
    ],
    "loads_median": 0.032818893989315256,
    "loads_min": 0.032478501991136,
    "loads_number": 200000,
    "loads_runs": [
      0.039915669010952115,
      0.034840578999137506,
      0.032818893989315256,
      0.032755594002082944,
      0.032478501991136,
      0.03285682899877429,
      0.032941445999313146,
      0.03272099400055595,
      0.032805391994770616,
      0.0325985630042851,
      0.032910926995100453
    ]
  }
}
