{
  "code_obj": {
    "dumps_median": 0.039624935016036034,
    "dumps_min": 0.03912865900201723,
    "dumps_number": 100000,
    "dumps_runs": [
      0.04005826299544424,
      0.039624935016036034,
      0.03912865900201723,
      0.03937379698618315,
      0.03985618698061444,
      0.0396080739737954,
      0.03980735401273705,
      0.039562535006552935,
      0.03952119100722484,
      0.04000154402456246,
      0.03970523300813511
    ],
    "loads_median": 0.09828513601678424,
    "loads_min": 0.0965760959952604,
    "loads_number": 200000,
    "loads_runs": [
      0.09915574299520813,
      0.0985370319976937,
      0.0965760959952604,
      0.09828084200853482,
      0.097619662003126,
      0.10028967598918825,
      0.0983922420127783,
      0.0987230259925127,
      0.09828513601678424,
      0.09821752097923309,
      0.09726348100230098
    ]
  },
  "nested_dict": {
    "dumps_median": 0.07583842999883927,
    "dumps_min": 0.07371149398386478,
    "dumps_number": 100000,
    "dumps_runs": [
      0.07573145598871633,
      0.07466877298429608,
      0.07562672600033693,
      0.07371149398386478,
      0.07529966699075885,
      0.07686721297795884,
      0.07583842999883927,
      0.0770502710074652,
      0.076849859993672,
      0.07778827799484134,
      0.07668794898199849
    ],
    "loads_median": 0.08660990899079479,
    "loads_min": 0.0859223100123927,
    "loads_number": 200000,
    "loads_runs": [
      0.08658557198941708,
      0.08649306499864906,
      0.08618080499581993,
      0.0874386359937489,
      0.08762964798370376,
      0.0859223100123927,
      0.0869109459745232,
      0.0878543850267306,
      0.08672871999442577,
      0.08612436000839807,
      0.08660990899079479
    ]
  },
  "small_tuple": {
    "dumps_median": 0.015691205015173182,
    "dumps_min": 0.015531735989497975,
    "dumps_number": 100000,
    "dumps_runs": [
      0.015568955015623942,
      0.015662263002013788,
      0.01571622901246883,
      0.015571760974125937,
      0.015531735989497975,
      0.01582504398538731,
      0.01576065199333243,
      0.015691205015173182,
      0.015571972995530814,
      0.015708502003690228,
      0.015745237993542105
    ],
    "loads_median": 0.03315894500701688,
    "loads_min": 0.03273815900320187,
    "loads_number": 200000,
    "loads_runs": [
      0.036090038978727534,
      0.03278564300853759,
      0.03315894500701688,
      0.03321557000163011,
      0.032992702996125445,
      0.0333719459886197,
      0.03368866798700765,
      0.03273815900320187,
      0.03284121898468584,
      0.03342736198101193,
      0.032767266005976126
    ]
  }
}
