{
  "code_obj": {
    "dumps_median": 0.04041685801348649,
    "dumps_min": 0.03987288600183092,
    "dumps_number": 100000,
    "dumps_runs": [
      0.040255115018226206,
      0.040099431993439794,
      0.04095420497469604,
      0.03987288600183092,
      0.04041685801348649,
      0.040494924993254244,
      0.04049262698390521,
      0.04079927600105293,
      0.04118377499980852,
      0.04038904799381271,
      0.04038159898482263
    ],
    "loads_median": 0.09712665400002152,
    "loads_min": 0.09544071301934309,
    "loads_number": 200000,
    "loads_runs": [
      0.09710476599866524,
      0.09544071301934309,
      0.09796852199360728,
      0.09641282400116324,
      0.09771751399966888,
      0.09875676699448377,
      0.09825973899569362,
      0.09712665400002152,
      0.09814226999878883,
      0.09603261601296254,
      0.0969423119968269
    ]
  },
  "nested_dict": {
    "dumps_median": 0.07670464701368473,
    "dumps_min": 0.07443057300406508,
    "dumps_number": 100000,
    "dumps_runs": [
      0.07670464701368473,
      0.0755682380113285,
      0.07518417699611746,
      0.07505606301128864,
      0.07443057300406508,
      0.07728818198665977,
      0.07829541899263859,
      0.07810401200549677,
      0.07622043599258177,
      0.07752709698979743,
      0.07774014701135457
    ],
    "loads_median": 0.08734592801192775,
    "loads_min": 0.08589171001221985,
    "loads_number": 200000,
    "loads_runs": [
      0.08709321398055181,
      0.08734592801192775,
      0.08714917601901107,
      0.08695745901786722,
      0.08589171001221985,
      0.08879310198244639,
      0.08659902500221506,
      0.08748295900295489,
      0.08759746799478307,
      0.08768528798827901,
      0.08783682601642795
    ]
  },
  "small_tuple": {
    "dumps_median": 0.01571595700806938,
    "dumps_min": 0.015293899981770664,
    "dumps_number": 100000,
    "dumps_runs": [
      0.01571595700806938,
      0.015348431013990194,
      0.015293899981770664,
      0.015364045015303418,
      0.01530077401548624,
      0.015608929010340944,
      0.015807940013473853,
      0.01611778000369668,
      0.01599793799687177,
      0.01602914900286123,
      0.016072057012934238
    ],
    "loads_median": 0.03303753398358822,
    "loads_min": 0.032468440011143684,
    "loads_number": 200000,
    "loads_runs": [
      0.036123027006397024,
      0.03290336497593671,
      0.032468440011143684,
      0.032748425990575925,
      0.03303753398358822,
      0.033069997996790335,
      0.03337217401713133,
      0.03351389098679647,
      0.033144343993626535,
      0.03277306197560392,
      0.03264542398392223
    ]
  }
}
