{
  "code_obj": {
    "dumps_median": 0.039937059016665444,
    "dumps_min": 0.03936530300416052,
    "dumps_number": 100000,
    "dumps_runs": [
      0.04008360701845959,
      0.03997984298621304,
      0.03936530300416052,
      0.039474652003264055,
      0.039466350979637355,
      0.03981218300759792,
      0.03959059901535511,
      0.039937059016665444,
      0.040519535017665476,
      0.040975163981784135,
      0.040936664008768275
    ],
    "loads_median": 0.08741289097815752,
    "loads_min": 0.08668841701000929,
    "loads_number": 200000,
    "loads_runs": [
      0.0867016970005352,
      0.08706792400334962,
      0.08750296599464491,
      0.08750953001435846,
      0.08703344900277443,
      0.08806307599297725,
      0.08772430900717154,
      0.08761742600472644,
      0.08741289097815752,
      0.08691598198493011,
      0.08668841701000929
    ]
  },
  "nested_dict": {
    "dumps_median": 0.07604124100180343,
    "dumps_min": 0.07287807599641383,
    "dumps_number": 100000,
    "dumps_runs": [
      0.07621876100893132,
      0.07317730397335254,
      0.07365713300532661,
      0.07287807599641383,
      0.0739606239949353,
      0.07604124100180343,
      0.07604425499448553,
      0.07635652399039827,
      0.07501802998012863,
      0.07607045100303367,
      0.07619599299505353
    ],
    "loads_median": 0.07642375101568177,
    "loads_min": 0.07596160200773738,
    "loads_number": 200000,
    "loads_runs": [
      0.07719120002002455,
      0.0765697659808211,
      0.0763946780061815,
      0.07642375101568177,
      0.07637938600964844,
      0.07743825201760046,
      0.0760670010058675,
      0.07734032100415789,
      0.07626795500982553,
      0.07660838300944306,
      0.07596160200773738
    ]
  },
  "small_tuple": {
    "dumps_median": 0.01628588102175854,
    "dumps_min": 0.015671332977944985,
    "dumps_number": 100000,
    "dumps_runs": [
      0.016070976009359583,
      0.015856407000683248,
      0.015836512990063056,
      0.015671332977944985,
      0.015904113999567926,
      0.01643678199616261,
      0.016315440996550024,
      0.016329085978213698,
      0.01628588102175854,
      0.01664312300272286,
      0.016461335006169975
    ],
    "loads_median": 0.025415234005777165,
    "loads_min": 0.02517557199462317,
    "loads_number": 200000,
    "loads_runs": [
      0.027387512993300334,
      0.026263257983373478,
      0.02593724400503561,
      0.02542449999600649,
      0.02517557199462317,
      0.025415234005777165,
      0.02537413898971863,
      0.025382886989973485,
      0.025318562984466553,
      0.025598132982850075,
      0.025404107000213116
    ]
  }
}
