{
  "code_obj": {
    "dumps_median": 0.040128660009941086,
    "dumps_min": 0.03962190798483789,
    "dumps_number": 100000,
    "dumps_runs": [
      0.0406871430168394,
      0.040128660009941086,
      0.040314401005161926,
      0.03987122199032456,
      0.040388109016930684,
      0.03962190798483789,
      0.04044658501516096,
      0.040678423014469445,
      0.03972826700191945,
      0.03983127200626768,
      0.040061217994662
    ],
    "loads_median": 0.08815862401388586,
    "loads_min": 0.0876030680083204,
    "loads_number": 200000,
    "loads_runs": [
      0.08855644601862878,
      0.08858073700685054,
      0.0879775210050866,
      0.0879353980126325,
      0.08792218499002047,
      0.08818507700925693,
      0.0876030680083204,
      0.08815862401388586,
      0.08874132699565962,
      0.08846117201028392,
      0.08795679299510084
    ]
  },
  "nested_dict": {
    "dumps_median": 0.07468327798414975,
    "dumps_min": 0.07374477401026525,
    "dumps_number": 100000,
    "dumps_runs": [
      0.07436291099293157,
      0.07442475500283763,
      0.0737869779986795,
      0.07384680098039098,
      0.07374477401026525,
      0.07499264500802383,
      0.07538963400293142,
      0.07556400800240226,
      0.07550495598115958,
      0.07468327798414975,
      0.07527458100230433
    ],
    "loads_median": 0.0765070709749125,
    "loads_min": 0.07577699000830762,
    "loads_number": 200000,
    "loads_runs": [
      0.0765070709749125,
      0.07626016400172375,
      0.07600849602022208,
      0.07588227302767336,
      0.07577699000830762,
      0.07682956199278124,
      0.07722289900993928,
      0.07749637399683706,
      0.07838620999245904,
      0.08720817300491035,
      0.0763528480019886
    ]
  },
  "small_tuple": {
    "dumps_median": 0.01600434197462164,
    "dumps_min": 0.015712024993263185,
    "dumps_number": 100000,
    "dumps_runs": [
      0.016062307986430824,
      0.015876496996497735,
      0.015794699982507154,
      0.01602680899668485,
      0.015941115008899942,
      0.016140085994265974,
      0.01600434197462164,
      0.015712024993263185,
      0.015955673006828874,
      0.01616553802159615,
      0.01614651599084027
    ],
    "loads_median": 0.026310470973839983,
    "loads_min": 0.025960957020288333,
    "loads_number": 200000,
    "loads_runs": [
      0.025960957020288333,
      0.026310470973839983,
      0.026635541988071054,
      0.026444952003657818,
      0.02598517999285832,
      0.026112480991287157,
      0.026212219992885366,
      0.026348377024987713,
      0.026396252011181787,
      0.026282673003152013,
      0.026451551006175578
    ]
  }
}
