{
  "code_obj": {
    "dumps_median": 0.04033277300186455,
    "dumps_min": 0.03946332598570734,
    "dumps_number": 100000,
    "dumps_runs": [
      0.04000187199562788,
      0.04019157501170412,
      0.040330266987439245,
      0.04033277300186455,
      0.0397338549955748,
      0.03946332598570734,
      0.04039332197862677,
      0.04199541499838233,
      0.04090160198393278,
      0.04075628300779499,
      0.04069792199879885
    ],
    "loads_median": 0.08819354500155896,
    "loads_min": 0.08668907801620662,
    "loads_number": 200000,
    "loads_runs": [
      0.08819354500155896,
      0.08829067699844018,
      0.08877010399010032,
      0.08759159001056105,
      0.08731353300390765,
      0.08851525699719787,
      0.08892112999456003,
      0.0888636619783938,
      0.08741689901216887,
      0.08700144200702198,
      0.08668907801620662
    ]
  },
  "nested_dict": {
    "dumps_median": 0.0747798310185317,
    "dumps_min": 0.07363214198267087,
    "dumps_number": 100000,
    "dumps_runs": [
      0.07487206000951119,
      0.07434020901564509,
      0.07363214198267087,
      0.07393905601929873,
      0.07417437000549398,
      0.07401381499948911,
      0.07502775898319669,
      0.0747798310185317,
      0.07490334098110907,
      0.07541243100422435,
      0.07540596599574201
    ],
    "loads_median": 0.07695655201678164,
    "loads_min": 0.07621131101041101,
    "loads_number": 200000,
    "loads_runs": [
      0.07695655201678164,
      0.0772451389930211,
      0.0771081320126541,
      0.07685222500003874,
      0.0762724140076898,
      0.07763813901692629,
      0.07782120202318765,
      0.0770820019824896,
      0.07693301400286146,
      0.07621131101041101,
      0.0765539109997917
    ]
  },
  "small_tuple": {
    "dumps_median": 0.016021739022107795,
    "dumps_min": 0.01542763301404193,
    "dumps_number": 100000,
    "dumps_runs": [
      0.015788005985086784,
      0.015610786009347066,
      0.01542763301404193,
      0.015559163992293179,
      0.015574525023112074,
      0.016021739022107795,
      0.016197362972889096,
      0.01617900500423275,
      0.016248034982709214,
      0.016283058997942135,
      0.01626910999766551
    ],
    "loads_median": 0.025808309990679845,
    "loads_min": 0.025438395008677617,
    "loads_number": 200000,
    "loads_runs": [
      0.02854208997450769,
      0.02877242097747512,
      0.02603154699318111,
      0.026033326983451843,
      0.02587594700162299,
      0.025438395008677617,
      0.025487111997790635,
      0.025499206996755674,
      0.025469571992289275,
      0.025795752997510135,
      0.025808309990679845
    ]
  }
}
