{
  "code_obj": {
    "dumps_median": 0.0393497190088965,
    "dumps_min": 0.03879433899419382,
    "dumps_number": 100000,
    "dumps_runs": [
      0.03966515700449236,
      0.05047771398676559,
      0.03959146299166605,
      0.039640939998207614,
      0.039402052003424615,
      0.038807245990028605,
      0.03922037599841133,
      0.03887919400585815,
      0.0393497190088965,
      0.03879433899419382,
      0.039206616987939924
    ],
    "loads_median": 0.08557733098859899,
    "loads_min": 0.08428687899140641,
    "loads_number": 200000,
    "loads_runs": [
      0.08490244499989785,
      0.08581498402054422,
      0.08481920399935916,
      0.08489080899744295,
      0.08428687899140641,
      0.08688577901921235,
      0.08631522301584482,
      0.08557733098859899,
      0.08732501900522038,
      0.0857719230116345,
      0.08491555898217484
    ]
  },
  "nested_dict": {
    "dumps_median": 0.07442531999549828,
    "dumps_min": 0.07345920702209696,
    "dumps_number": 100000,
    "dumps_runs": [
      0.07442531999549828,
      0.07432982200407423,
      0.07345920702209696,
      0.07438734397874214,
      0.07441161799943075,
      0.07505954898078926,
      0.0744091130036395,
      0.07573507900815457,
      0.07533466099994257,
      0.07558907999191433,
      0.07632700097747147
    ],
    "loads_median": 0.07283339000423439,
    "loads_min": 0.07138665800448507,
    "loads_number": 200000,
    "loads_runs": [
      0.07138665800448507,
      0.07338458500453271,
      0.07214288000250235,
      0.07310372201027349,
      0.07283339000423439,
      0.07311398201272823,
      0.07358088801265694,
      0.07348914601607248,
      0.07191488501848653,
      0.07263224499183707,
      0.07227559000602923
    ]
  },
  "small_tuple": {
    "dumps_median": 0.015749871003208682,
    "dumps_min": 0.01552099600667134,
    "dumps_number": 100000,
    "dumps_runs": [
      0.015844023000681773,
      0.015749871003208682,
      0.01570163099677302,
      0.01559801198891364,
      0.015613038995070383,
      0.01594732899684459,
      0.016256773989880458,
      0.016164658998604864,
      0.01593803000287153,
      0.01552099600667134,
      0.015612073999363929
    ],
    "loads_median": 0.02466359900427051,
    "loads_min": 0.024007775995414704,
    "loads_number": 200000,
    "loads_runs": [
      0.02494844197644852,
      0.024875390983652323,
      0.024956801993539557,
      0.02502959599951282,
      0.024306639010319486,
      0.02427358101704158,
      0.02415605800342746,
      0.024007775995414704,
      0.02459115401143208,
      0.02466359900427051,
      0.024762597982771695
    ]
  }
}
