{
  "code_obj": {
    "dumps_median": 0.040365875989664346,
    "dumps_min": 0.039371082006255165,
    "dumps_number": 100000,
    "dumps_runs": [
      0.04062592098489404,
      0.040365875989664346,
      0.039371082006255165,
      0.03997204900952056,
      0.040704851009650156,
      0.03993129302398302,
      0.04003800099599175,
      0.04048918202170171,
      0.04095534299267456,
      0.04013760699308477,
      0.04042043100344017
    ],
    "loads_median": 0.08596367001882754,
    "loads_min": 0.08521451300475746,
    "loads_number": 200000,
    "loads_runs": [
      0.08547661500051618,
      0.08596367001882754,
      0.08620862601674162,
      0.08602955099195242,
      0.08521451300475746,
      0.08615327201550826,
      0.08594064798671752,
      0.08613825199427083,
      0.08687638002447784,
      0.0854760049842298,
      0.08534193100058474
    ]
  },
  "nested_dict": {
    "dumps_median": 0.07752293499652296,
    "dumps_min": 0.07514425000408664,
    "dumps_number": 100000,
    "dumps_runs": [
      0.07938211801229045,
      0.07656012999359518,
      0.07601894700201228,
      0.07514425000408664,
      0.07641170802526176,
      0.07744314501178451,
      0.07780286599881947,
      0.07772468897746876,
      0.07752293499652296,
      0.07900504500139505,
      0.07916373401531018
    ],
    "loads_median": 0.07326082198414952,
    "loads_min": 0.07208707500831224,
    "loads_number": 200000,
    "loads_runs": [
      0.07317563000833616,
      0.07345337999868207,
      0.07208707500831224,
      0.07276268998975866,
      0.07254735101014376,
      0.07801817002473399,
      0.07326082198414952,
      0.07338195998454466,
      0.0732915620028507,
      0.07397833399591036,
      0.07303008800954558
    ]
  },
  "small_tuple": {
    "dumps_median": 0.01591141999233514,
    "dumps_min": 0.015482429997064173,
    "dumps_number": 100000,
    "dumps_runs": [
      0.016113856981974095,
      0.015646670013666153,
      0.015516519983066246,
      0.015597493009408936,
      0.015482429997064173,
      0.015879311016760767,
      0.01605030900100246,
      0.01605788999586366,
      0.01591141999233514,
      0.016279272007523105,
      0.016164425003807992
    ],
    "loads_median": 0.02390637298231013,
    "loads_min": 0.02364749100524932,
    "loads_number": 200000,
    "loads_runs": [
      0.027485956001328304,
      0.024215908022597432,
      0.024182714987546206,
      0.023793086991645396,
      0.02390637298231013,
      0.02364749100524932,
      0.02389028499601409,
      0.02429509800276719,
      0.024125641997670755,
      0.0238206590001937,
      0.02369174297200516
    ]
  }
}
