{
  "code_obj": {
    "dumps_median": 0.03913153399480507,
    "dumps_min": 0.038401211000746116,
    "dumps_number": 100000,
    "dumps_runs": [
      0.039055062021361664,
      0.03954257897567004,
      0.038579008978558704,
      0.038401211000746116,
      0.03923329897224903,
      0.039224445004947484,
      0.039278141979593784,
      0.03913153399480507,
      0.03874181499122642,
      0.039586811006302014,
      0.03854782698908821
    ],
    "loads_median": 0.08466412400593981,
    "loads_min": 0.0842505140171852,
    "loads_number": 200000,
    "loads_runs": [
      0.08483706298284233,
      0.0842505140171852,
      0.08436259598238394,
      0.08475831898977049,
      0.08433498902013525,
      0.0856100789969787,
      0.08466412400593981,
      0.08551535199512728,
      0.08514768502209336,
      0.08442920597735792,
      0.08442747700610198
    ]
  },
  "nested_dict": {
    "dumps_median": 0.07422846899135038,
    "dumps_min": 0.07347129299887456,
    "dumps_number": 100000,
    "dumps_runs": [
      0.0740831220173277,
      0.07422846899135038,
      0.07419286097865552,
      0.07432341697858647,
      0.073472705000313,
      0.07347129299887456,
      0.07353575399611145,
      0.0747747849964071,
      0.07454163301736116,
      0.07452338401344605,
      0.07522345901816152
    ],
    "loads_median": 0.07290433000889607,
    "loads_min": 0.07176484100637026,
    "loads_number": 200000,
    "loads_runs": [
      0.07338525899103843,
      0.072042875981424,
      0.07288915201206692,
      0.0730009849939961,
      0.07289892001426779,
      0.07295400300063193,
      0.0727188210003078,
      0.07306211098330095,
      0.0732730680028908,
      0.07176484100637026,
      0.07290433000889607
    ]
  },
  "small_tuple": {
    "dumps_median": 0.015890426991973072,
    "dumps_min": 0.015414587018312886,
    "dumps_number": 100000,
    "dumps_runs": [
      0.01593552899430506,
      0.015514884988078848,
      0.015532098012045026,
      0.015414587018312886,
      0.015564990986604244,
      0.015890426991973072,
      0.015910629008430988,
      0.01586949999909848,
      0.01590656500775367,
      0.015938416006974876,
      0.016315132001182064
    ],
    "loads_median": 0.024356595997232944,
    "loads_min": 0.023907937022158876,
    "loads_number": 200000,
    "loads_runs": [
      0.049885585001902655,
      0.025690447015222162,
      0.024119356006849557,
      0.02464109699940309,
      0.02468973700888455,
      0.024643151002237573,
      0.024356595997232944,
      0.023968548979610205,
      0.023907937022158876,
      0.024131242011208087,
      0.024091567989671603
    ]
  }
}
