{
  "code_obj": {
    "dumps_median": 0.04111989701050334,
    "dumps_min": 0.04069254899513908,
    "dumps_number": 100000,
    "dumps_runs": [
      0.04069254899513908,
      0.040956362994620577,
      0.04111989701050334,
      0.04112529297708534,
      0.04108718197676353,
      0.04118439799640328,
      0.04132323700468987,
      0.04109985998366028,
      0.04103079598280601,
      0.04119024600367993,
      0.041489319992251694
    ],
    "loads_median": 0.09785455701057799,
    "loads_min": 0.09583439902053215,
    "loads_number": 200000,
    "loads_runs": [
      0.09815674999845214,
      0.09796374701545574,
      0.09583439902053215,
      0.09785455701057799,
      0.09769536598469131,
      0.09899815201060846,
      0.0976886389835272,
      0.09909531599259935,
      0.09953428199514747,
      0.0977489159849938,
      0.09765372998663224
    ]
  },
  "nested_dict": {
    "dumps_median": 0.07611127599375322,
    "dumps_min": 0.07480365200899541,
    "dumps_number": 100000,
    "dumps_runs": [
      0.07655478199012578,
      0.0759814880148042,
      0.07611127599375322,
      0.07640160198207013,
      0.07955891900928691,
      0.07808496200595982,
      0.07480365200899541,
      0.07593616700614803,
      0.07509007200133055,
      0.07671506598126143,
      0.07544562598923221
    ],
    "loads_median": 0.0872108529729303,
    "loads_min": 0.08492490099160932,
    "loads_number": 200000,
    "loads_runs": [
      0.08633478698902763,
      0.08552488900022581,
      0.08522302599158138,
      0.08621830600895919,
      0.08492490099160932,
      0.08798018199740909,
      0.08727689000079408,
      0.08790307797607966,
      0.0876340240065474,
      0.0872108529729303,
      0.10170821900828741
    ]
  },
  "small_tuple": {
    "dumps_median": 0.01574900301056914,
    "dumps_min": 0.0156449849891942,
    "dumps_number": 100000,
    "dumps_runs": [
      0.015839080006117,
      0.01567636599065736,
      0.01570625600288622,
      0.01581552400602959,
      0.01574900301056914,
      0.01574510900536552,
      0.015777795983012766,
      0.0156449849891942,
      0.015712189982878044,
      0.01612417501746677,
      0.016040560003602877
    ],
    "loads_median": 0.03358469597878866,
    "loads_min": 0.03302783900289796,
    "loads_number": 200000,
    "loads_runs": [
      0.03552775000571273,
      0.03358469597878866,
      0.03316539799561724,
      0.03302783900289796,
      0.03305656198062934,
      0.0335238839907106,
      0.03352890000678599,
      0.033682156004942954,
      0.03397326701087877,
      0.03364858400891535,
      0.033947233023354784
    ]
  }
}
