{
  "code_obj": {
    "dumps_median": 0.039693729020655155,
    "dumps_min": 0.039088585996069014,
    "dumps_number": 100000,
    "dumps_runs": [
      0.040260420995764434,
      0.039693729020655155,
      0.039885843987576663,
      0.039088585996069014,
      0.03923555801156908,
      0.039816031989175826,
      0.0400355150050018,
      0.03977335398667492,
      0.039189978007925674,
      0.03939645300852135,
      0.03924433601787314
    ],
    "loads_median": 0.0990410310041625,
    "loads_min": 0.09645016698050313,
    "loads_number": 200000,
    "loads_runs": [
      0.0990410310041625,
      0.09709951101103798,
      0.09848101899842732,
      0.0994938229850959,
      0.09968218699214049,
      0.09892859600950032,
      0.0993907340161968,
      0.10115482099354267,
      0.11913959999219514,
      0.09804376898682676,
      0.09645016698050313
    ]
  },
  "nested_dict": {
    "dumps_median": 0.07671320001827553,
    "dumps_min": 0.0757579859928228,
    "dumps_number": 100000,
    "dumps_runs": [
      0.07617233297787607,
      0.07712809400982223,
      0.07689569500507787,
      0.07706775999395177,
      0.07609823500388302,
      0.0757579859928228,
      0.07671320001827553,
      0.07650720898527652,
      0.07617059300537221,
      0.0768989079806488,
      0.07719208399066702
    ],
    "loads_median": 0.08628589697764255,
    "loads_min": 0.08531746600056067,
    "loads_number": 200000,
    "loads_runs": [
      0.08531746600056067,
      0.08600144000956789,
      0.08568010301678441,
      0.08672074400237761,
      0.08629751100670546,
      0.08577954099746421,
      0.0864096789737232,
      0.08730222700978629,
      0.08715668501099572,
      0.08628589697764255,
      0.08611975601525046
    ]
  },
  "small_tuple": {
    "dumps_median": 0.016093796002678573,
    "dumps_min": 0.01571961000445299,
    "dumps_number": 100000,
    "dumps_runs": [
      0.016133817000081763,
      0.0158265579957515,
      0.015917177021037787,
      0.01571961000445299,
      0.016093796002678573,
      0.016310370003338903,
      0.01614851798512973,
      0.01614343299297616,
      0.01608028498594649,
      0.01609206001739949,
      0.016416742000728846
    ],
    "loads_median": 0.03350025200052187,
    "loads_min": 0.03313866999815218,
    "loads_number": 200000,
    "loads_runs": [
      0.03968982197693549,
      0.03555103499093093,
      0.03313866999815218,
      0.03329878501244821,
      0.03341616099351086,
      0.03363919400726445,
      0.03350025200052187,
      0.03329093899810687,
      0.03327572499983944,
      0.03391860501142219,
      0.03400543099269271
    ]
  }
}
