{
  "code_obj": {
    "dumps_median": 0.040469889994710684,
    "dumps_min": 0.03972134701325558,
    "dumps_number": 100000,
    "dumps_runs": [
      0.041280953999375924,
      0.04050064898910932,
      0.04041862199665047,
      0.040927497000666335,
      0.040469889994710684,
      0.040370981994783506,
      0.03972134701325558,
      0.04063531500287354,
      0.0405171439924743,
      0.040321742999367416,
      0.03989395502139814
    ],
    "loads_median": 0.09751285699894652,
    "loads_min": 0.09605396498227492,
    "loads_number": 200000,
    "loads_runs": [
      0.097969969996484,
      0.09719703797600232,
      0.09605396498227492,
      0.09729385600076057,
      0.09751285699894652,
      0.09969933002139442,
      0.10022979200584814,
      0.09803043701685965,
      0.099387572001433,
      0.09724014098173939,
      0.09660298799281009
    ]
  },
  "nested_dict": {
    "dumps_median": 0.07668981701135635,
    "dumps_min": 0.07512810599291697,
    "dumps_number": 100000,
    "dumps_runs": [
      0.07537533997674473,
      0.07512810599291697,
      0.07668981701135635,
      0.0775050460069906,
      0.07599275399115868,
      0.07757212300202809,
      0.07668698497582227,
      0.07573643000796437,
      0.07720816298387945,
      0.07737276700208895,
      0.0771377439959906
    ],
    "loads_median": 0.08524103599484079,
    "loads_min": 0.08468884098692797,
    "loads_number": 200000,
    "loads_runs": [
      0.08524103599484079,
      0.08504921800340526,
      0.08468884098692797,
      0.08515926299151033,
      0.08599091999349184,
      0.08648093297961168,
      0.08638241401058622,
      0.08543866898980923,
      0.08619317400734872,
      0.08483731700107455,
      0.08512348198564723
    ]
  },
  "small_tuple": {
    "dumps_median": 0.015779965004185215,
    "dumps_min": 0.015624831023160368,
    "dumps_number": 100000,
    "dumps_runs": [
      0.0156265209952835,
      0.015624831023160368,
      0.015690611995523795,
      0.015655339986551553,
      0.01576503098476678,
      0.016021470015402883,
      0.016083301976323128,
      0.015966473991284147,
      0.015779965004185215,
      0.01594615200883709,
      0.015961124998284504
    ],
    "loads_median": 0.034273899014806375,
    "loads_min": 0.033652759972028434,
    "loads_number": 200000,
    "loads_runs": [
      0.03595512401079759,
      0.03389828198123723,
      0.03398171698790975,
      0.034273899014806375,
      0.034044896019622684,
      0.034401673008687794,
      0.03436313700512983,
      0.03460289299255237,
      0.03477732799365185,
      0.03390376700554043,
      0.033652759972028434
    ]
  }
}
