{
  "code_obj": {
    "dumps_median": 0.0397031249885913,
    "dumps_min": 0.03889491700101644,
    "dumps_number": 100000,
    "dumps_runs": [
      0.0397031249885913,
      0.0394766450044699,
      0.03956987999845296,
      0.03889491700101644,
      0.04037026400328614,
      0.04029770000488497,
      0.040115502022672445,
      0.04014677301165648,
      0.03956555301556364,
      0.03975647399784066,
      0.03947280300781131
    ],
    "loads_median": 0.09857030800776556,
    "loads_min": 0.09470037400024012,
    "loads_number": 200000,
    "loads_runs": [
      0.11290037000435404,
      0.09859778298414312,
      0.09885233998647891,
      0.09857030800776556,
      0.0969928500126116,
      0.09898433097987436,
      0.0977904920000583,
      0.09916590401553549,
      0.09778029899462126,
      0.09470037400024012,
      0.09669189399573952
    ]
  },
  "nested_dict": {
    "dumps_median": 0.07649231801042333,
    "dumps_min": 0.07615492300828919,
    "dumps_number": 100000,
    "dumps_runs": [
      0.0766653070168104,
      0.07637896100641228,
      0.07657137300702743,
      0.07649231801042333,
      0.07615492300828919,
      0.0763835069956258,
      0.0765523389854934,
      0.07736021600430831,
      0.07652921898989007,
      0.07634501601569355,
      0.0764185699808877
    ],
    "loads_median": 0.08864274399820715,
    "loads_min": 0.08750853699166328,
    "loads_number": 200000,
    "loads_runs": [
      0.08878635699511506,
      0.08822815399616957,
      0.08864274399820715,
      0.08830633701290935,
      0.08784249899326824,
      0.08961282798554748,
      0.08946072001708671,
      0.08958637900650501,
      0.08926297101425007,
      0.08838462800486013,
      0.08750853699166328
    ]
  },
  "small_tuple": {
    "dumps_median": 0.015620199003024027,
    "dumps_min": 0.015172668994637206,
    "dumps_number": 100000,
    "dumps_runs": [
      0.015561478008748963,
      0.015471024002181366,
      0.015172668994637206,
      0.015865977999055758,
      0.015396514994790778,
      0.015620199003024027,
      0.015682130004279315,
      0.015684723999584094,
      0.015596501994878054,
      0.015786517004016787,
      0.015854237019084394
    ],
    "loads_median": 0.0322349029884208,
    "loads_min": 0.031186766020255163,
    "loads_number": 200000,
    "loads_runs": [
      0.035428079980192706,
      0.03266548700048588,
      0.03213300000061281,
      0.0322349029884208,
      0.03174468199722469,
      0.03237177801202051,
      0.0327420620014891,
      0.03251955099403858,
      0.032024656975409016,
      0.031186766020255163,
      0.03141336201224476
    ]
  }
}
