{
  "code_obj": {
    "dumps_median": 0.03975673299282789,
    "dumps_min": 0.03944370098179206,
    "dumps_number": 100000,
    "dumps_runs": [
      0.03975673299282789,
      0.03953910298878327,
      0.03995437402045354,
      0.040252323989989236,
      0.039573745016241446,
      0.03951452299952507,
      0.04017469100654125,
      0.03961644400260411,
      0.03944370098179206,
      0.040511340979719535,
      0.041048937011510134
    ],
    "loads_median": 0.09769234000123106,
    "loads_min": 0.09639323898591101,
    "loads_number": 200000,
    "loads_runs": [
      0.09639323898591101,
      0.09769234000123106,
      0.09769219800364226,
      0.09841696001240052,
      0.09833638300187886,
      0.09876783998333849,
      0.09758354802033864,
      0.09841823700116947,
      0.09882358097820543,
      0.09676254499936476,
      0.09767631199792959
    ]
  },
  "nested_dict": {
    "dumps_median": 0.07736984599614516,
    "dumps_min": 0.07502956499229185,
    "dumps_number": 100000,
    "dumps_runs": [
      0.07864178699674085,
      0.07502956499229185,
      0.07573351199971512,
      0.07575912601896562,
      0.07673834002343938,
      0.07755983201786876,
      0.07834624999668449,
      0.07736984599614516,
      0.07723590600653552,
      0.07769632898271084,
      0.07781806800630875
    ],
    "loads_median": 0.08741990098496899,
    "loads_min": 0.08595812399289571,
    "loads_number": 200000,
    "loads_runs": [
      0.08811757699004374,
      0.08595812399289571,
      0.08722720001242124,
      0.08741990098496899,
      0.08766519601340406,
      0.08712187400669791,
      0.08643463198677637,
      0.08764934100327082,
      0.08859490702161565,
      0.08804087500902824,
      0.0872372779995203
    ]
  },
  "small_tuple": {
    "dumps_median": 0.01570142898708582,
    "dumps_min": 0.015627938002580777,
    "dumps_number": 100000,
    "dumps_runs": [
      0.0160004619974643,
      0.01566394601832144,
      0.015671877976274118,
      0.015700985008152202,
      0.01597857300657779,
      0.015730203012935817,
      0.01570142898708582,
      0.015627938002580777,
      0.015698115021223202,
      0.015965705999406055,
      0.01594122900860384
    ],
    "loads_median": 0.031456347001949325,
    "loads_min": 0.030955030990298837,
    "loads_number": 200000,
    "loads_runs": [
      0.0366436849872116,
      0.03414024997618981,
      0.03124608498183079,
      0.03108266700292006,
      0.030955030990298837,
      0.031456347001949325,
      0.03196773200761527,
      0.03202320498530753,
      0.03160808200482279,
      0.031083843001397327,
      0.03133734498987906
    ]
  }
}
