{
  "code_obj": {
    "dumps_median": 0.04003325299709104,
    "dumps_min": 0.03971633399487473,
    "dumps_number": 100000,
    "dumps_runs": [
      0.03971633399487473,
      0.03981904900865629,
      0.040859175991499797,
      0.039967663993593305,
      0.039942894014529884,
      0.04009685799246654,
      0.039911399013362825,
      0.040574660000856966,
      0.040347481990465894,
      0.04003325299709104,
      0.04037725500529632
    ],
    "loads_median": 0.0968055420089513,
    "loads_min": 0.09524353599408641,
    "loads_number": 200000,
    "loads_runs": [
      0.09674708600505255,
      0.0968055420089513,
      0.09698522998951375,
      0.09524353599408641,
      0.09810481200111099,
      0.09801127598620951,
      0.09779097102000378,
      0.09851611300837249,
      0.09658848799881525,
      0.09597644399036653,
      0.09615278601995669
    ]
  },
  "nested_dict": {
    "dumps_median": 0.07649466901784763,
    "dumps_min": 0.07562962401425466,
    "dumps_number": 100000,
    "dumps_runs": [
      0.07628630398539826,
      0.07562962401425466,
      0.07623490600963123,
      0.07573171000694856,
      0.07635326602030545,
      0.07758896698942408,
      0.07746968598803505,
      0.07781540200812742,
      0.07649466901784763,
      0.07650690199807286,
      0.07750423598918132
    ],
    "loads_median": 0.08708067500265315,
    "loads_min": 0.08616343897301704,
    "loads_number": 200000,
    "loads_runs": [
      0.08663818298373371,
      0.08665969999856316,
      0.08708280199789442,
      0.08616343897301704,
      0.08759379500406794,
      0.09325845100102015,
      0.08952928701182827,
      0.08777712698793039,
      0.08622840899624862,
      0.08708067500265315,
      0.08647746502538212
    ]
  },
  "small_tuple": {
    "dumps_median": 0.015583209984470159,
    "dumps_min": 0.015327414002967998,
    "dumps_number": 100000,
    "dumps_runs": [
      0.015664695005398244,
      0.01544955899589695,
      0.015696232992922887,
      0.015400134987430647,
      0.015327414002967998,
      0.015583209984470159,
      0.015440962015418336,
      0.01545342500321567,
      0.015636263007763773,
      0.016162779997102916,
      0.0157533309829887
    ],
    "loads_median": 0.03213569498620927,
    "loads_min": 0.03124660300090909,
    "loads_number": 200000,
    "loads_runs": [
      0.03444643798866309,
      0.03225942701101303,
      0.032152781990589574,
      0.03189903899328783,
      0.03213569498620927,
      0.03233484900556505,
      0.03242776601109654,
      0.03170303700608201,
      0.03144849100499414,
      0.03124660300090909,
      0.031839951989240944
    ]
  }
}
