{
  "code_obj": {
    "dumps_median": 0.03902255999855697,
    "dumps_min": 0.03851095400750637,
    "dumps_number": 100000,
    "dumps_runs": [
      0.038543755013961345,
      0.03862034800113179,
      0.0392041290178895,
      0.03923385898815468,
      0.03894245598348789,
      0.03936411300674081,
      0.03941565298009664,
      0.03964091499801725,
      0.03902255999855697,
      0.03892998700030148,
      0.03851095400750637
    ],
    "loads_median": 0.09685701399575919,
    "loads_min": 0.09566936400369741,
    "loads_number": 200000,
    "loads_runs": [
      0.09618862200295553,
      0.09698648701305501,
      0.09680947897140868,
      0.09829894098220393,
      0.09717365700635128,
      0.0982637979905121,
      0.09685701399575919,
      0.09754851702018641,
      0.09684908599592745,
      0.09566936400369741,
      0.09635606699157506
    ]
  },
  "nested_dict": {
    "dumps_median": 0.07424918402102776,
    "dumps_min": 0.07344485700014047,
    "dumps_number": 100000,
    "dumps_runs": [
      0.07424918402102776,
      0.07344485700014047,
      0.07487033700454049,
      0.07368812800268643,
      0.07400730199879035,
      0.07461570602026768,
      0.07442846699268557,
      0.07459089500480331,
      0.0739321029977873,
      0.07555678498465568,
      0.07397886301623657
    ],
    "loads_median": 0.08565101400017738,
    "loads_min": 0.08469424198847264,
    "loads_number": 200000,
    "loads_runs": [
      0.08618206600658596,
      0.08586305700009689,
      0.08564902501530014,
      0.08479765098309144,
      0.08469424198847264,
      0.08602775499457493,
      0.08547963199089281,
      0.08606613401207142,
      0.08565101400017738,
      0.08506381598999724,
      0.0903227069939021
    ]
  },
  "small_tuple": {
    "dumps_median": 0.01534404800622724,
    "dumps_min": 0.01491805599653162,
    "dumps_number": 100000,
    "dumps_runs": [
      0.015385906997835264,
      0.015149744023801759,
      0.01491805599653162,
      0.014987795002525672,
      0.015272674994776025,
      0.01534404800622724,
      0.015414786990731955,
      0.015145450015552342,
      0.015729205013485625,
      0.01579365902580321,
      0.01563760099816136
    ],
    "loads_median": 0.03194750699913129,
    "loads_min": 0.03133169302600436,
    "loads_number": 200000,
    "loads_runs": [
      0.0347510069841519,
      0.03200374500011094,
      0.03165073398849927,
      0.031544747995212674,
      0.03133169302600436,
      0.031675992999225855,
      0.046400108985835686,
      0.03194750699913129,
      0.03242636099457741,
      0.032226386974798515,
      0.03185591599321924
    ]
  }
}
