{
  "code_obj": {
    "dumps_median": 0.039655216998653486,
    "dumps_min": 0.03897982300259173,
    "dumps_number": 100000,
    "dumps_runs": [
      0.04003289298270829,
      0.039655216998653486,
      0.039788782014511526,
      0.040243480005301535,
      0.039721606008242816,
      0.03910924299270846,
      0.03897982300259173,
      0.039046295976731926,
      0.0395726709975861,
      0.0399820169841405,
      0.039430384000297636
    ],
    "loads_median": 0.09656345201074146,
    "loads_min": 0.0956655390036758,
    "loads_number": 200000,
    "loads_runs": [
      0.0957722159801051,
      0.0964163489989005,
      0.09656345201074146,
      0.0963616649969481,
      0.09718266400159337,
      0.09793523600092158,
      0.09803605900378898,
      0.09846642400952987,
      0.09700141099165194,
      0.0956655390036758,
      0.09600470098666847
    ]
  },
  "nested_dict": {
    "dumps_median": 0.07599549897713587,
    "dumps_min": 0.07355758399353363,
    "dumps_number": 100000,
    "dumps_runs": [
      0.07555916300043464,
      0.07355758399353363,
      0.07479488098761067,
      0.07376570199267007,
      0.07356668700231239,
      0.07723341198288836,
      0.0772046160127502,
      0.07687992599676363,
      0.07599549897713587,
      0.07748023298336193,
      0.07730556101887487
    ],
    "loads_median": 0.08633519598515704,
    "loads_min": 0.08508942200569436,
    "loads_number": 200000,
    "loads_runs": [
      0.08581645297817886,
      0.08508942200569436,
      0.08540875700418837,
      0.09031834901543334,
      0.08600754599319771,
      0.08694155799457803,
      0.08677487997920252,
      0.08691424899734557,
      0.08724493702175096,
      0.0855981330096256,
      0.08633519598515704
    ]
  },
  "small_tuple": {
    "dumps_median": 0.015156516979914159,
    "dumps_min": 0.014837046997854486,
    "dumps_number": 100000,
    "dumps_runs": [
      0.015143912984058261,
      0.01491481700213626,
      0.014837046997854486,
      0.014945486997021362,
      0.01487162199919112,
      0.015184614021563902,
      0.01516481299768202,
      0.015156516979914159,
      0.015469607984414324,
      0.015442512987647206,
      0.01568574897828512
    ],
    "loads_median": 0.03204882101272233,
    "loads_min": 0.03143184501095675,
    "loads_number": 200000,
    "loads_runs": [
      0.03219844200066291,
      0.03166749799856916,
      0.03151211902149953,
      0.0321219660108909,
      0.03204882101272233,
      0.03187699298723601,
      0.0322077370074112,
      0.03216885501751676,
      0.03207867799210362,
      0.031476987001951784,
      0.03143184501095675
    ]
  }
}
