{
  "code_obj": {
    "dumps_median": 0.03939943399745971,
    "dumps_min": 0.039031407999573275,
    "dumps_number": 100000,
    "dumps_runs": [
      0.03939943399745971,
      0.039031407999573275,
      0.039239931997144595,
      0.03988463198766112,
      0.039173572993604466,
      0.03931394300889224,
      0.03924533200915903,
      0.04012322399648838,
      0.03950509399874136,
      0.0405767040210776,
      0.04014071502024308
    ],
    "loads_median": 0.09740636302740313,
    "loads_min": 0.09611935901921242,
    "loads_number": 200000,
    "loads_runs": [
      0.09740636302740313,
      0.09669790501357056,
      0.09706207597628236,
      0.09611935901921242,
      0.09699423599522561,
      0.09884049597894773,
      0.09748926098109223,
      0.09830249100923538,
      0.09871918501448818,
      0.09709252501488663,
      0.09761450299993157
    ]
  },
  "nested_dict": {
    "dumps_median": 0.07515301698003896,
    "dumps_min": 0.07309790700674057,
    "dumps_number": 100000,
    "dumps_runs": [
      0.07540271399193443,
      0.07426038198173046,
      0.07329402898903936,
      0.07354322698665783,
      0.07309790700674057,
      0.07600851901224814,
      0.07523583999136463,
      0.07484431797638535,
      0.07515301698003896,
      0.07577219398808666,
      0.07626584099489264
    ],
    "loads_median": 0.08601537498179823,
    "loads_min": 0.08554518298478797,
    "loads_number": 200000,
    "loads_runs": [
      0.08597875799750909,
      0.08591956598684192,
      0.08616683699074201,
      0.0861662859970238,
      0.08554518298478797,
      0.08654552898951806,
      0.08601537498179823,
      0.08618534301058389,
      0.08575531298993155,
      0.08583637600531802,
      0.08629614001256414
    ]
  },
  "small_tuple": {
    "dumps_median": 0.015413204993819818,
    "dumps_min": 0.015096871997229755,
    "dumps_number": 100000,
    "dumps_runs": [
      0.015351475012721494,
      0.015096871997229755,
      0.015161420014919713,
      0.015217570005916059,
      0.015318416990339756,
      0.015413204993819818,
      0.015487989003304392,
      0.01587405300233513,
      0.015526481001870707,
      0.015690102009102702,
      0.015572517993859947
    ],
    "loads_median": 0.032345346990041435,
    "loads_min": 0.03202727701864205,
    "loads_number": 200000,
    "loads_runs": [
      0.03731047100154683,
      0.03553375898627564,
      0.03202727701864205,
      0.032330510002793744,
      0.032183724018977955,
      0.03231194199179299,
      0.03287880000425503,
      0.032345346990041435,
      0.032579225982772186,
      0.03280611100490205,
      0.03228177598793991
    ]
  }
}
