{
  "code_obj": {
    "dumps_median": 0.0395883790042717,
    "dumps_min": 0.03931739099789411,
    "dumps_number": 100000,
    "dumps_runs": [
      0.04036078599165194,
      0.03955762198893353,
      0.03945943899452686,
      0.039516450982773677,
      0.04018558200914413,
      0.03931739099789411,
      0.0395883790042717,
      0.039528181980131194,
      0.03973897799733095,
      0.03963927100994624,
      0.039985665993299335
    ],
    "loads_median": 0.09747046299162321,
    "loads_min": 0.09633932998985983,
    "loads_number": 200000,
    "loads_runs": [
      0.09747046299162321,
      0.09660433701355942,
      0.09663502499461174,
      0.0977886939945165,
      0.09771506098331884,
      0.0976716440054588,
      0.09805636102100834,
      0.09694694299832918,
      0.0975032729911618,
      0.09633932998985983,
      0.096401322982274
    ]
  },
  "nested_dict": {
    "dumps_median": 0.07600613700924441,
    "dumps_min": 0.07390862700412981,
    "dumps_number": 100000,
    "dumps_runs": [
      0.07606178199057467,
      0.07390862700412981,
      0.07420001798891462,
      0.07417714098119177,
      0.0753271949943155,
      0.0763199929788243,
      0.07600613700924441,
      0.07621918700169772,
      0.0752234350075014,
      0.07752764399629086,
      0.07722164900042117
    ],
    "loads_median": 0.08489330098382197,
    "loads_min": 0.08402049099095166,
    "loads_number": 200000,
    "loads_runs": [
      0.0860911070194561,
      0.0843878309824504,
      0.08573582101962529,
      0.08466119898366742,
      0.08402049099095166,
      0.08476648799842224,
      0.0862493570020888,
      0.08630041201831773,
      0.08532470199861564,
      0.08489330098382197,
      0.08484527497785166
    ]
  },
  "small_tuple": {
    "dumps_median": 0.015789180004503578,
    "dumps_min": 0.015269729017745703,
    "dumps_number": 100000,
    "dumps_runs": [
      0.015633306000381708,
      0.01534937901305966,
      0.015269729017745703,
      0.015651257999707013,
      0.015575244004139677,
      0.015789180004503578,
      0.015935049013933167,
      0.015926698019029573,
      0.01588276302209124,
      0.015995858993846923,
      0.016154066019225866
    ],
    "loads_median": 0.03282197497901507,
    "loads_min": 0.03217609800049104,
    "loads_number": 200000,
    "loads_runs": [
      0.03570213200873695,
      0.03282197497901507,
      0.032641930010868236,
      0.03217609800049104,
      0.03243581499555148,
      0.03264819199102931,
      0.03394922101870179,
      0.033430518000386655,
      0.032897102006245404,
      0.03249825301463716,
      0.03285849900566973
    ]
  }
}
