{
  "code_obj": {
    "dumps_median": 0.039777502999641,
    "dumps_min": 0.039136829000199214,
    "dumps_number": 100000,
    "dumps_runs": [
      0.0398400490230415,
      0.03916832400136627,
      0.03933768000570126,
      0.04002393499831669,
      0.040250903024571016,
      0.039795200020307675,
      0.039456686994526535,
      0.039136829000199214,
      0.04008592400350608,
      0.039777502999641,
      0.039349300001049414
    ],
    "loads_median": 0.09641031897626817,
    "loads_min": 0.0944926569936797,
    "loads_number": 200000,
    "loads_runs": [
      0.09656659100437537,
      0.09667671599891037,
      0.09568127599777654,
      0.09551197700784542,
      0.09611217200290412,
      0.09641031897626817,
      0.09737832800601609,
      0.09848202098510228,
      0.09716691597714089,
      0.09574945000349544,
      0.0944926569936797
    ]
  },
  "nested_dict": {
    "dumps_median": 0.07693648998974822,
    "dumps_min": 0.07396814299863763,
    "dumps_number": 100000,
    "dumps_runs": [
      0.07693648998974822,
      0.07460888201603666,
      0.07422137798857875,
      0.07423210600973107,
      0.07396814299863763,
      0.07719907100545242,
      0.07768533498165198,
      0.07728190699708648,
      0.07673511697794311,
      0.07731224299641326,
      0.07782476599095389
    ],
    "loads_median": 0.0868583670235239,
    "loads_min": 0.08380848300294019,
    "loads_number": 200000,
    "loads_runs": [
      0.08672686101635918,
      0.08705785300116986,
      0.08634261399856769,
      0.08639226300874725,
      0.08718991198111326,
      0.08732622399111278,
      0.08691365298000164,
      0.08776164200389758,
      0.0868583670235239,
      0.08380848300294019,
      0.0839081059966702
    ]
  },
  "small_tuple": {
    "dumps_median": 0.01561501799733378,
    "dumps_min": 0.015355670999269933,
    "dumps_number": 100000,
    "dumps_runs": [
      0.01588871600688435,
      0.015741711016744375,
      0.015454473003046587,
      0.015355670999269933,
      0.015439147013239563,
      0.015700635995017365,
      0.01561501799733378,
      0.015596958983223885,
      0.015555329009657726,
      0.01608268398558721,
      0.016093001002445817
    ],
    "loads_median": 0.032409969018772244,
    "loads_min": 0.031935850012814626,
    "loads_number": 200000,
    "loads_runs": [
      0.03651491799973883,
      0.032649774017045274,
      0.03265319697675295,
      0.032061068020993844,
      0.031935850012814626,
      0.032054716983111575,
      0.03253616800066084,
      0.032555878977291286,
      0.032409969018772244,
      0.03202212700853124,
      0.032126392994541675
    ]
  }
}
