{
  "code_obj": {
    "dumps_median": 0.03966856200713664,
    "dumps_min": 0.03916430298704654,
    "dumps_number": 100000,
    "dumps_runs": [
      0.04007462499430403,
      0.040240846981760114,
      0.03963588998885825,
      0.03916430298704654,
      0.03925951602286659,
      0.03978731599636376,
      0.039818674995331094,
      0.03941572300391272,
      0.039321599004324526,
      0.03966856200713664,
      0.03975851900759153
    ],
    "loads_median": 0.09608539499458857,
    "loads_min": 0.09452613498433493,
    "loads_number": 200000,
    "loads_runs": [
      0.09555116499541327,
      0.09666199798812158,
      0.09571241398225538,
      0.09726938998210244,
      0.09586278401548043,
      0.09733475800021552,
      0.09608539499458857,
      0.09683976002270356,
      0.09643236399278976,
      0.09452613498433493,
      0.09477390101528727
    ]
  },
  "nested_dict": {
    "dumps_median": 0.07499821702367626,
    "dumps_min": 0.07394831700366922,
    "dumps_number": 100000,
    "dumps_runs": [
      0.07527173400740139,
      0.07576455597882159,
      0.07536636598524638,
      0.0748062290076632,
      0.07394831700366922,
      0.07499821702367626,
      0.07400123900151812,
      0.07468906400026754,
      0.07447534499806352,
      0.07580252201296389,
      0.07594150400836952
    ],
    "loads_median": 0.08585420198505744,
    "loads_min": 0.08490396998240612,
    "loads_number": 200000,
    "loads_runs": [
      0.08634045298094861,
      0.08523761198739521,
      0.08585420198505744,
      0.08490396998240612,
      0.08506189298350364,
      0.0861954600259196,
      0.08543998299865052,
      0.08579624799313024,
      0.09144783599185757,
      0.08720592499594204,
      0.08612115998403169
    ]
  },
  "small_tuple": {
    "dumps_median": 0.0157957439951133,
    "dumps_min": 0.015402568009449169,
    "dumps_number": 100000,
    "dumps_runs": [
      0.0157957439951133,
      0.015527607989497483,
      0.015474954998353496,
      0.015552264987491071,
      0.015402568009449169,
      0.01603384700138122,
      0.0159380919940304,
      0.015939625998726115,
      0.015640454017557204,
      0.016081951995147392,
      0.016149927978403866
    ],
    "loads_median": 0.032523602014407516,
    "loads_min": 0.03169997001532465,
    "loads_number": 200000,
    "loads_runs": [
      0.038072800991358235,
      0.03691517101833597,
      0.0323739749728702,
      0.03193840698804706,
      0.03169997001532465,
      0.032401595992268994,
      0.03275634199962951,
      0.032523602014407516,
      0.03268824898987077,
      0.03263136601890437,
      0.032101126009365544
    ]
  }
}
