{
  "code_obj": {
    "dumps_median": 0.04053862899309024,
    "dumps_min": 0.04010596399893984,
    "dumps_number": 100000,
    "dumps_runs": [
      0.04063614900223911,
      0.04047581501072273,
      0.04053862899309024,
      0.040650468989042565,
      0.04010596399893984,
      0.04027075399062596,
      0.040578222018666565,
      0.040320976986549795,
      0.04071084997849539,
      0.04045198002131656,
      0.040724547987338156
    ],
    "loads_median": 0.09603213600348681,
    "loads_min": 0.09481743798824027,
    "loads_number": 200000,
    "loads_runs": [
      0.09606517999782227,
      0.09603213600348681,
      0.0952294860035181,
      0.09481743798824027,
      0.09562255599303171,
      0.09789740099222399,
      0.0978437909798231,
      0.09785760898375884,
      0.09794873200007714,
      0.09598617698065937,
      0.09498928498942405
    ]
  },
  "nested_dict": {
    "dumps_median": 0.07698425799026154,
    "dumps_min": 0.07556841199402697,
    "dumps_number": 100000,
    "dumps_runs": [
      0.07778249098919332,
      0.075854441995034,
      0.07609889798914082,
      0.07556841199402697,
      0.07576207799138501,
      0.07714371100883,
      0.07698425799026154,
      0.07574128900887445,
      0.07701214999542572,
      0.07750482700066641,
      0.07724453299306333
    ],
    "loads_median": 0.08417782100150362,
    "loads_min": 0.08288180897943676,
    "loads_number": 200000,
    "loads_runs": [
      0.08496690198080614,
      0.08355448700604029,
      0.08437801199033856,
      0.08417782100150362,
      0.0833600560144987,
      0.08493313798680902,
      0.08490349299972877,
      0.08517689400468953,
      0.08378304401412606,
      0.08403795299818739,
      0.08288180897943676
    ]
  },
  "small_tuple": {
    "dumps_median": 0.015638454002328217,
    "dumps_min": 0.015519581997068599,
    "dumps_number": 100000,
    "dumps_runs": [
      0.015676654991693795,
      0.01581074800924398,
      0.015674855996621773,
      0.015617808006936684,
      0.015519581997068599,
      0.015724353026598692,
      0.01563169399742037,
      0.015638454002328217,
      0.015607775014359504,
      0.015582190011627972,
      0.015740352013381198
    ],
    "loads_median": 0.032573872013017535,
    "loads_min": 0.03138695697998628,
    "loads_number": 200000,
    "loads_runs": [
      0.033495409006718546,
      0.03614567199838348,
      0.03138695697998628,
      0.031880412017926574,
      0.032308911002473906,
      0.03261229899362661,
      0.032691925996914506,
      0.03283192700473592,
      0.032573872013017535,
      0.032100779993925244,
      0.03163518902147189
    ]
  }
}
