{
  "code_obj": {
    "dumps_median": 0.04039902598015033,
    "dumps_min": 0.039823683007853106,
    "dumps_number": 100000,
    "dumps_runs": [
      0.04077883600257337,
      0.04034962898003869,
      0.04026351700304076,
      0.04028936897520907,
      0.04104520799592137,
      0.039823683007853106,
      0.04073167001479305,
      0.040509638987714425,
      0.04039902598015033,
      0.04087140198680572,
      0.040387165994616225
    ],
    "loads_median": 0.09717982201254927,
    "loads_min": 0.09603104399866425,
    "loads_number": 200000,
    "loads_runs": [
      0.09754744998645037,
      0.09603104399866425,
      0.09767279899097048,
      0.09683070701430552,
      0.09717982201254927,
      0.09776914701797068,
      0.0973580360005144,
      0.09741768901585601,
      0.09683061999385245,
      0.09618170099565759,
      0.09658296802081168
    ]
  },
  "nested_dict": {
    "dumps_median": 0.07718651602044702,
    "dumps_min": 0.07510298301349394,
    "dumps_number": 100000,
    "dumps_runs": [
      0.07685500700608827,
      0.07510298301349394,
      0.07546061300672591,
      0.07607325099525042,
      0.07610671201837249,
      0.07718651602044702,
      0.07749087398406118,
      0.07726633400307037,
      0.07797352902707644,
      0.077466969989473,
      0.07755574901239015
    ],
    "loads_median": 0.08396684500621632,
    "loads_min": 0.08257210601004772,
    "loads_number": 200000,
    "loads_runs": [
      0.08396684500621632,
      0.08369886400760151,
      0.0834841750038322,
      0.08303174198954366,
      0.08406616197316907,
      0.08460984597331844,
      0.08346174997859634,
      0.08486542498576455,
      0.08441904600476846,
      0.0842588460072875,
      0.08257210601004772
    ]
  },
  "small_tuple": {
    "dumps_median": 0.015577055019093677,
    "dumps_min": 0.015392407978652045,
    "dumps_number": 100000,
    "dumps_runs": [
      0.015725502016721293,
      0.015508543991018087,
      0.015487482975004241,
      0.015392407978652045,
      0.015470566024305299,
      0.015709104016423225,
      0.01550992700504139,
      0.01570031698793173,
      0.015577055019093677,
      0.01570254800026305,
      0.015640830009942874
    ],
    "loads_median": 0.03161492801154964,
    "loads_min": 0.030888078006682917,
    "loads_number": 200000,
    "loads_runs": [
      0.03314314701128751,
      0.03101835699635558,
      0.031102565000765026,
      0.030888078006682917,
      0.03133861199603416,
      0.0318103370082099,
      0.03214125899830833,
      0.031673589983256534,
      0.03215425100643188,
      0.03161492801154964,
      0.03139050101162866
    ]
  }
}
