{
  "code_obj": {
    "dumps_median": 0.040141895005945116,
    "dumps_min": 0.039678489993093535,
    "dumps_number": 100000,
    "dumps_runs": [
      0.03978781000478193,
      0.039678489993093535,
      0.03998674202011898,
      0.04088532901369035,
      0.04050860399729572,
      0.04015729800448753,
      0.040259442990645766,
      0.03987640998093411,
      0.040141895005945116,
      0.040711937996093184,
      0.039979260007385164
    ],
    "loads_median": 0.09803275499143638,
    "loads_min": 0.09656549501232803,
    "loads_number": 200000,
    "loads_runs": [
      0.09656549501232803,
      0.09796579400426708,
      0.09858846900169738,
      0.09803275499143638,
      0.09680873199249618,
      0.09962924700812437,
      0.09945724598946981,
      0.09867175199906342,
      0.0998196690052282,
      0.09681351398467086,
      0.0970193579851184
    ]
  },
  "nested_dict": {
    "dumps_median": 0.07774702299502678,
    "dumps_min": 0.07546453602844849,
    "dumps_number": 100000,
    "dumps_runs": [
      0.07886188599513844,
      0.07592741900589317,
      0.07551086499006487,
      0.07608858900493942,
      0.07546453602844849,
      0.07755600902601145,
      0.07774702299502678,
      0.07799333799630404,
      0.07809473198722117,
      0.07855445498717017,
      0.07796995399985462
    ],
    "loads_median": 0.08400226599769667,
    "loads_min": 0.08291825500782579,
    "loads_number": 200000,
    "loads_runs": [
      0.08383981400402263,
      0.08400226599769667,
      0.08353524497942999,
      0.08291825500782579,
      0.08365730597870424,
      0.08308543401653878,
      0.08461164697655477,
      0.08535803700215183,
      0.08569368699681945,
      0.08420007801032625,
      0.08475057600298896
    ]
  },
  "small_tuple": {
    "dumps_median": 0.015561328997137025,
    "dumps_min": 0.015300511993700638,
    "dumps_number": 100000,
    "dumps_runs": [
      0.0156345040013548,
      0.015349480003351346,
      0.015561328997137025,
      0.01564529098686762,
      0.015300511993700638,
      0.015374768991023302,
      0.015493339014938101,
      0.01543837200733833,
      0.01573513401672244,
      0.015706039004726335,
      0.01590597801259719
    ],
    "loads_median": 0.03203163098078221,
    "loads_min": 0.031719743012217805,
    "loads_number": 200000,
    "loads_runs": [
      0.03377684799488634,
      0.031719743012217805,
      0.03179050999460742,
      0.03180401600548066,
      0.031864689983194694,
      0.032211068988544866,
      0.032372121000662446,
      0.03231633597170003,
      0.03232345500146039,
      0.03187895999872126,
      0.03203163098078221
    ]
  }
}
