{
  "code_obj": {
    "dumps_median": 0.039757510006893426,
    "dumps_min": 0.03944559700903483,
    "dumps_number": 100000,
    "dumps_runs": [
      0.03997930302284658,
      0.0400872929894831,
      0.03947347402572632,
      0.03944559700903483,
      0.03950412000995129,
      0.040055121993646026,
      0.039469689974794164,
      0.039757510006893426,
      0.040212049992987886,
      0.03959803201723844,
      0.04053871598443948
    ],
    "loads_median": 0.09801434801192954,
    "loads_min": 0.09700208102003671,
    "loads_number": 200000,
    "loads_runs": [
      0.09700208102003671,
      0.09775623999303207,
      0.09713842498604208,
      0.09773032600060105,
      0.09836526101571508,
      0.10028227002476342,
      0.09801434801192954,
      0.09911719398223795,
      0.09891376501764171,
      0.09701210999628529,
      0.09888661999139003
    ]
  },
  "nested_dict": {
    "dumps_median": 0.0774163989990484,
    "dumps_min": 0.07508651999523863,
    "dumps_number": 100000,
    "dumps_runs": [
      0.0774163989990484,
      0.075829982990399,
      0.07508651999523863,
      0.07588211400434375,
      0.08053561500855722,
      0.07738963200245053,
      0.07772310901782475,
      0.07800556599977426,
      0.07659625899395905,
      0.0818848900089506,
      0.07948859297903255
    ],
    "loads_median": 0.08802441201987676,
    "loads_min": 0.08570019001490436,
    "loads_number": 200000,
    "loads_runs": [
      0.08721754100406542,
      0.08694913101498969,
      0.08822999798576348,
      0.08901180801331066,
      0.08813950698822737,
      0.08846079898648895,
      0.08570019001490436,
      0.08802441201987676,
      0.08841947399196215,
      0.08768736099591479,
      0.08707084899651818
    ]
  },
  "small_tuple": {
    "dumps_median": 0.015801069006556645,
    "dumps_min": 0.01539811899419874,
    "dumps_number": 100000,
    "dumps_runs": [
      0.016137794009409845,
      0.01548960799118504,
      0.01539811899419874,
      0.015473298990400508,
      0.015428863000124693,
      0.015678216994274408,
      0.015831777011044323,
      0.01592728600371629,
      0.015801069006556645,
      0.016072649013949558,
      0.01582824398064986
    ],
    "loads_median": 0.03384080101386644,
    "loads_min": 0.03279721798026003,
    "loads_number": 200000,
    "loads_runs": [
      0.0381313799880445,
      0.03652328599127941,
      0.03362354700220749,
      0.03347562698763795,
      0.03279721798026003,
      0.03384080101386644,
      0.033389377000276,
      0.03447548899566755,
      0.03399212801014073,
      0.033593799016671255,
      0.03424841701053083
    ]
  }
}
