{
  "code_obj": {
    "dumps_median": 0.03976497397525236,
    "dumps_min": 0.0387425139779225,
    "dumps_number": 100000,
    "dumps_runs": [
      0.039964331983355805,
      0.040582951973192394,
      0.03976497397525236,
      0.03908955299993977,
      0.0387425139779225,
      0.04000273300334811,
      0.03918595897266641,
      0.03962413698900491,
      0.040069857001071796,
      0.03929944400442764,
      0.040016515005845577
    ],
    "loads_median": 0.09837035302189179,
    "loads_min": 0.09705703897634521,
    "loads_number": 200000,
    "loads_runs": [
      0.09705703897634521,
      0.09758267799043097,
      0.09757350399740972,
      0.0984837339783553,
      0.09837035302189179,
      0.09973495901795104,
      0.0989648760005366,
      0.10004294497775845,
      0.09837322498788126,
      0.09719676899840124,
      0.09749829498468898
    ]
  },
  "nested_dict": {
    "dumps_median": 0.07683631501276977,
    "dumps_min": 0.07506426100735553,
    "dumps_number": 100000,
    "dumps_runs": [
      0.07691431700368412,
      0.07506426100735553,
      0.07589571899734437,
      0.0753327060083393,
      0.0751879469898995,
      0.07683631501276977,
      0.07766320699010976,
      0.07763810700271279,
      0.07569738000165671,
      0.07762957399245352,
      0.07763727399287745
    ],
    "loads_median": 0.08847640600288287,
    "loads_min": 0.08711596598732285,
    "loads_number": 200000,
    "loads_runs": [
      0.08849882299546152,
      0.08808554199640639,
      0.08711596598732285,
      0.08737207800731994,
      0.08847640600288287,
      0.11334325998905115,
      0.08920565599692054,
      0.08856613500392996,
      0.0890254330006428,
      0.08747486700303853,
      0.0878865139966365
    ]
  },
  "small_tuple": {
    "dumps_median": 0.015844114997889847,
    "dumps_min": 0.015427826001541689,
    "dumps_number": 100000,
    "dumps_runs": [
      0.015844114997889847,
      0.015501320012845099,
      0.015953151014400646,
      0.01558272200054489,
      0.015452104998985305,
      0.015427826001541689,
      0.015937362011754885,
      0.015592051000567153,
      0.015944652986945584,
      0.01643429501564242,
      0.016334432002622634
    ],
    "loads_median": 0.03396754901041277,
    "loads_min": 0.0333898350072559,
    "loads_number": 200000,
    "loads_runs": [
      0.0356820389861241,
      0.03354457500972785,
      0.03365887000109069,
      0.03406547597842291,
      0.0333898350072559,
      0.03346274499199353,
      0.03447807699558325,
      0.033908181998413056,
      0.03398346499307081,
      0.03396754901041277,
      0.03403464797884226
    ]
  }
}
