{
  "code_obj": {
    "dumps_median": 0.03977134401793592,
    "dumps_min": 0.03928565501701087,
    "dumps_number": 100000,
    "dumps_runs": [
      0.040546250995248556,
      0.03974068202660419,
      0.04057036500307731,
      0.03977134401793592,
      0.03928565501701087,
      0.03942169400397688,
      0.04005066698300652,
      0.040365419001318514,
      0.03979305498069152,
      0.03939504799200222,
      0.039724792004562914
    ],
    "loads_median": 0.10045459101093002,
    "loads_min": 0.09763487501186319,
    "loads_number": 200000,
    "loads_runs": [
      0.10050111400778405,
      0.09763487501186319,
      0.0997635820240248,
      0.10045459101093002,
      0.09914230901631527,
      0.1009268619818613,
      0.10137583801406436,
      0.10085066300234757,
      0.10085751800215803,
      0.09830526800942607,
      0.10012540098978207
    ]
  },
  "nested_dict": {
    "dumps_median": 0.07501164599671029,
    "dumps_min": 0.07376831700094044,
    "dumps_number": 100000,
    "dumps_runs": [
      0.07693641999503598,
      0.07480335998116061,
      0.07376831700094044,
      0.07501164599671029,
      0.07480060699163005,
      0.07545904599828646,
      0.07610427599865943,
      0.07479583699023351,
      0.07653974700951949,
      0.07459977999678813,
      0.0755396590102464
    ],
    "loads_median": 0.08776684699114412,
    "loads_min": 0.08588809301727451,
    "loads_number": 200000,
    "loads_runs": [
      0.08873178000794724,
      0.08824514999287203,
      0.08742920699296519,
      0.08750368902110495,
      0.08776684699114412,
      0.08832392300246283,
      0.08840812800917774,
      0.08588809301727451,
      0.08808830502675846,
      0.08716617300524376,
      0.08699598300154321
    ]
  },
  "small_tuple": {
    "dumps_median": 0.01589462801348418,
    "dumps_min": 0.01562808800372295,
    "dumps_number": 100000,
    "dumps_runs": [
      0.01591481702052988,
      0.015641414996935055,
      0.01575905899517238,
      0.01562808800372295,
      0.015793380996910855,
      0.015982561017153785,
      0.015966197999659926,
      0.016093573009129614,
      0.01580230999388732,
      0.0159107560175471,
      0.01589462801348418
    ],
    "loads_median": 0.034105654020095244,
    "loads_min": 0.033370910998201,
    "loads_number": 200000,
    "loads_runs": [
      0.03540989899192937,
      0.03377522001392208,
      0.033370910998201,
      0.03361106201191433,
      0.03387770301196724,
      0.034416948998114094,
      0.03371126399724744,
      0.034105654020095244,
      0.03427084899158217,
      0.03427627799101174,
      0.034330024995142594
    ]
  }
}
