{
  "code_obj": {
    "dumps_median": 0.037413665995700285,
    "dumps_min": 0.03698067902587354,
    "dumps_number": 100000,
    "dumps_runs": [
      0.037936580018140376,
      0.037847008992685005,
      0.037250519992085174,
      0.03762381797423586,
      0.037413665995700285,
      0.03729245299473405,
      0.03748954500770196,
      0.03698870199150406,
      0.03698067902587354,
      0.037191545008681715,
      0.03795272600837052
    ],
    "loads_median": 0.0988259740115609,
    "loads_min": 0.097647748014424,
    "loads_number": 200000,
    "loads_runs": [
      0.09900592901976779,
      0.0988259740115609,
      0.09795731998747215,
      0.09853494400158525,
      0.097647748014424,
      0.09997597898473032,
      0.09958649598411284,
      0.10050731000956148,
      0.09981053500087,
      0.09873375599272549,
      0.09802997700171545
    ]
  },
  "nested_dict": {
    "dumps_median": 0.07583290099864826,
    "dumps_min": 0.07329990001744591,
    "dumps_number": 100000,
    "dumps_runs": [
      0.07583290099864826,
      0.07404211297398433,
      0.0737786460085772,
      0.07361244701314718,
      0.07329990001744591,
      0.07616972498362884,
      0.07506408498738892,
      0.07633476599585265,
      0.07588039000984281,
      0.07665317298960872,
      0.07768141198903322
    ],
    "loads_median": 0.08721121898270212,
    "loads_min": 0.08669646800262854,
    "loads_number": 200000,
    "loads_runs": [
      0.08756884199101478,
      0.08788898499915376,
      0.08721121898270212,
      0.08672690598177724,
      0.0867627379775513,
      0.08825624699238688,
      0.08669646800262854,
      0.08839206700213253,
      0.08853621798334643,
      0.08693327300716192,
      0.08717366401106119
    ]
  },
  "small_tuple": {
    "dumps_median": 0.015266494010575116,
    "dumps_min": 0.014988107985118404,
    "dumps_number": 100000,
    "dumps_runs": [
      0.015236178005579859,
      0.015176910994341597,
      0.01506905400310643,
      0.014988107985118404,
      0.015037344011943787,
      0.015506903000641614,
      0.015266494010575116,
      0.01569792500231415,
      0.015459520014701411,
      0.015411926986416802,
      0.015415769012179226
    ],
    "loads_median": 0.03300381399458274,
    "loads_min": 0.03263927000807598,
    "loads_number": 200000,
    "loads_runs": [
      0.03494821998174302,
      0.03324511699611321,
      0.03271928598405793,
      0.03273383801570162,
      0.03263927000807598,
      0.033331290003843606,
      0.033301429997663945,
      0.03325751799275167,
      0.03300381399458274,
      0.032789846998639405,
      0.03283555299276486
    ]
  }
}
