{
  "code_obj": {
    "dumps_median": 0.0372469819849357,
    "dumps_min": 0.0367509420029819,
    "dumps_number": 100000,
    "dumps_runs": [
      0.03777105800691061,
      0.03718775199376978,
      0.0372469819849357,
      0.03764093099744059,
      0.037644836003892124,
      0.03737743300735019,
      0.03697486702003516,
      0.03726457300945185,
      0.03678307600785047,
      0.036901844025123864,
      0.0367509420029819
    ],
    "loads_median": 0.0980642469949089,
    "loads_min": 0.09572154501802288,
    "loads_number": 200000,
    "loads_runs": [
      0.09792753600049764,
      0.09853630600264296,
      0.09815591998631135,
      0.0980642469949089,
      0.09711574198445305,
      0.09723742000642233,
      0.09813128001405858,
      0.09910697597661056,
      0.09846785399713553,
      0.09661003699875437,
      0.09572154501802288
    ]
  },
  "nested_dict": {
    "dumps_median": 0.07589304799330421,
    "dumps_min": 0.07428965700091794,
    "dumps_number": 100000,
    "dumps_runs": [
      0.07626317697577178,
      0.07464601899846457,
      0.07445010700030252,
      0.07428965700091794,
      0.07442635198822245,
      0.07589304799330421,
      0.07596960398950614,
      0.0756447050080169,
      0.07701048100716434,
      0.077355098008411,
      0.07678630101145245
    ],
    "loads_median": 0.08684102099505253,
    "loads_min": 0.08553807099815458,
    "loads_number": 200000,
    "loads_runs": [
      0.08762298998772167,
      0.0884358629991766,
      0.08775742698344402,
      0.08819824198144488,
      0.08684102099505253,
      0.08650777602451853,
      0.08675535500515252,
      0.08742336099385284,
      0.08599064202280715,
      0.08615379000548273,
      0.08553807099815458
    ]
  },
  "small_tuple": {
    "dumps_median": 0.015737580019049346,
    "dumps_min": 0.015241361019434407,
    "dumps_number": 100000,
    "dumps_runs": [
      0.01594545299303718,
      0.015786589996423572,
      0.015601074002915993,
      0.015753879997646436,
      0.015737580019049346,
      0.01558050699532032,
      0.015384086989797652,
      0.015400785981910303,
      0.015241361019434407,
      0.01598245301283896,
      0.016133682016516104
    ],
    "loads_median": 0.03271479398244992,
    "loads_min": 0.03236305501195602,
    "loads_number": 200000,
    "loads_runs": [
      0.03297896301955916,
      0.03270359500311315,
      0.03271479398244992,
      0.03236305501195602,
      0.032802419998915866,
      0.033266873011598364,
      0.03299019898986444,
      0.0330110430077184,
      0.03240664899931289,
      0.03246427301201038,
      0.03248674297356047
    ]
  }
}
