{
  "code_obj": {
    "dumps_median": 0.036670544010121375,
    "dumps_min": 0.036191349994624034,
    "dumps_number": 100000,
    "dumps_runs": [
      0.036891941010253504,
      0.036670544010121375,
      0.03759862598963082,
      0.03656084599788301,
      0.03643028001533821,
      0.036191349994624034,
      0.03670074601541273,
      0.03684742099721916,
      0.03644928100402467,
      0.03684818299370818,
      0.03647110998281278
    ],
    "loads_median": 0.09949431600398384,
    "loads_min": 0.09780989700811915,
    "loads_number": 200000,
    "loads_runs": [
      0.10030726401600987,
      0.0981906540109776,
      0.09912098798668012,
      0.09949431600398384,
      0.09887534700101241,
      0.10032743299962021,
      0.09988930201507173,
      0.10037328800535761,
      0.09967100698850118,
      0.09780989700811915,
      0.09798742202110589
    ]
  },
  "nested_dict": {
    "dumps_median": 0.07589465801720507,
    "dumps_min": 0.07382799399783835,
    "dumps_number": 100000,
    "dumps_runs": [
      0.07573907397454605,
      0.07426675700116903,
      0.0746230680088047,
      0.07382799399783835,
      0.07467629402526654,
      0.07679647800978273,
      0.07676106001599692,
      0.07638524498906918,
      0.07589465801720507,
      0.07751122998888604,
      0.0784091170062311
    ],
    "loads_median": 0.08733567598392256,
    "loads_min": 0.08589432400185615,
    "loads_number": 200000,
    "loads_runs": [
      0.08655473400722258,
      0.08735713400528766,
      0.08671367197530344,
      0.08647687899065204,
      0.0868569909944199,
      0.08741487900260836,
      0.08813265099888667,
      0.0876804539875593,
      0.08768290601437911,
      0.08589432400185615,
      0.08733567598392256
    ]
  },
  "small_tuple": {
    "dumps_median": 0.01567695100675337,
    "dumps_min": 0.01514164698892273,
    "dumps_number": 100000,
    "dumps_runs": [
      0.015842837980017066,
      0.015273247001459822,
      0.015221432026010007,
      0.01514164698892273,
      0.015276604011887684,
      0.015439248003531247,
      0.01567695100675337,
      0.015833420009585097,
      0.01586761200451292,
      0.016118122002808377,
      0.016093090001959354
    ],
    "loads_median": 0.03310302898171358,
    "loads_min": 0.032207310025114566,
    "loads_number": 200000,
    "loads_runs": [
      0.03679557499708608,
      0.034990312007721514,
      0.032762585004093125,
      0.032207310025114566,
      0.03237993799848482,
      0.032862921012565494,
      0.03331105597317219,
      0.033492589980596676,
      0.05221907299710438,
      0.03310302898171358,
      0.032766155985882506
    ]
  }
}
