{
  "code_obj": {
    "dumps_median": 0.03885153101873584,
    "dumps_min": 0.03819433299941011,
    "dumps_number": 100000,
    "dumps_runs": [
      0.03819433299941011,
      0.03885153101873584,
      0.039041784999426454,
      0.03869769399170764,
      0.038196515990421176,
      0.03835641100886278,
      0.039205601991852745,
      0.039084727002773434,
      0.03915372499614023,
      0.03840597398811951,
      0.03897938199224882
    ],
    "loads_median": 0.08438826000201516,
    "loads_min": 0.08349838099093176,
    "loads_number": 200000,
    "loads_runs": [
      0.08451685099862516,
      0.08421161500154994,
      0.08391808700980619,
      0.08525156098767184,
      0.08349838099093176,
      0.08465198398334906,
      0.08548945101210847,
      0.08543380099581555,
      0.08438826000201516,
      0.08402247499907389,
      0.08381921300315298
    ]
  },
  "nested_dict": {
    "dumps_median": 0.07456793999881484,
    "dumps_min": 0.07219768001232296,
    "dumps_number": 100000,
    "dumps_runs": [
      0.07435124399489723,
      0.07264773099450395,
      0.07277951898868196,
      0.07219768001232296,
      0.07256349001545459,
      0.0749974139907863,
      0.07481357801589184,
      0.07456793999881484,
      0.07480899800430052,
      0.07585859700338915,
      0.07494700499228202
    ],
    "loads_median": 0.07278906900319271,
    "loads_min": 0.07237852000980638,
    "loads_number": 200000,
    "loads_runs": [
      0.07270628900732845,
      0.07287266000639647,
      0.07278906900319271,
      0.07273351101321168,
      0.07237852000980638,
      0.07249393500387669,
      0.07257777100312524,
      0.07406299200374633,
      0.07333879300858825,
      0.09033372299745679,
      0.07319110399112105
    ]
  },
  "small_tuple": {
    "dumps_median": 0.015284862980479375,
    "dumps_min": 0.014993085991591215,
    "dumps_number": 100000,
    "dumps_runs": [
      0.015136354020796716,
      0.014993085991591215,
      0.01506140100536868,
      0.015356947988038883,
      0.015284862980479375,
      0.015400517993839458,
      0.015055116993607953,
      0.015131355001358315,
      0.015434630011441186,
      0.015335444011725485,
      0.015475683991098776
    ],
    "loads_median": 0.02491334400838241,
    "loads_min": 0.024755801976425573,
    "loads_number": 200000,
    "loads_runs": [
      0.027463781007099897,
      0.027643058012472466,
      0.025008558994159102,
      0.02521929601789452,
      0.02483521099202335,
      0.024803680018521845,
      0.024781787011306733,
      0.024755801976425573,
      0.024782824999419972,
      0.02515164198121056,
      0.02491334400838241
    ]
  }
}
