{
  "code_obj": {
    "dumps_median": 0.04002185200806707,
    "dumps_min": 0.0393153729964979,
    "dumps_number": 100000,
    "dumps_runs": [
      0.039719634980428964,
      0.040038525010459125,
      0.04026459399028681,
      0.0399914369918406,
      0.04002185200806707,
      0.03997190701193176,
      0.04004406699095853,
      0.04005959597998299,
      0.04008894000435248,
      0.039827683998737484,
      0.0393153729964979
    ],
    "loads_median": 0.08476333800354041,
    "loads_min": 0.08338961101253517,
    "loads_number": 200000,
    "loads_runs": [
      0.08471398998517543,
      0.08490564400563017,
      0.08476333800354041,
      0.0852102309872862,
      0.08415983497980051,
      0.08602925698505715,
      0.08472812702530064,
      0.08507365500554442,
      0.08546493900939822,
      0.08371160997194238,
      0.08338961101253517
    ]
  },
  "nested_dict": {
    "dumps_median": 0.07240149099379778,
    "dumps_min": 0.07175707098213024,
    "dumps_number": 100000,
    "dumps_runs": [
      0.07202656200388446,
      0.07263909498578869,
      0.0723600119818002,
      0.07247643600567244,
      0.07203713100170717,
      0.07240149099379778,
      0.07175707098213024,
      0.07228745799511671,
      0.07331369401072152,
      0.07349270200938918,
      0.07281196699477732
    ],
    "loads_median": 0.07257888998719864,
    "loads_min": 0.07134022601530887,
    "loads_number": 200000,
    "loads_runs": [
      0.07302617799723521,
      0.07272034001653083,
      0.07134022601530887,
      0.07235070600290783,
      0.07191561802756041,
      0.07305586399161257,
      0.07186922099208459,
      0.07216792899998836,
      0.07275046201539226,
      0.07257888998719864,
      0.0728685750218574
    ]
  },
  "small_tuple": {
    "dumps_median": 0.01515040302183479,
    "dumps_min": 0.01495419500861317,
    "dumps_number": 100000,
    "dumps_runs": [
      0.01515040302183479,
      0.01495419500861317,
      0.014996377984061837,
      0.015111985005205497,
      0.014983305998612195,
      0.015473948005819693,
      0.015253463992848992,
      0.015140636009164155,
      0.015470629004994407,
      0.015679892007028684,
      0.01540743699297309
    ],
    "loads_median": 0.02486449701245874,
    "loads_min": 0.02464576900820248,
    "loads_number": 200000,
    "loads_runs": [
      0.028908314008731395,
      0.024992456019390374,
      0.024887868989026174,
      0.0246770610101521,
      0.02464576900820248,
      0.02486449701245874,
      0.024984908028272912,
      0.025076719000935555,
      0.02480522499536164,
      0.02484015200752765,
      0.024846042011631653
    ]
  }
}
