{
  "code_obj": {
    "dumps_median": 0.039398113993229344,
    "dumps_min": 0.039030080020893365,
    "dumps_number": 100000,
    "dumps_runs": [
      0.039030080020893365,
      0.039398113993229344,
      0.039818365999963135,
      0.04022960798465647,
      0.03926139700342901,
      0.03910875300061889,
      0.03919967598631047,
      0.04028505500173196,
      0.03944587698788382,
      0.0391325349919498,
      0.03953960500075482
    ],
    "loads_median": 0.08406471399939619,
    "loads_min": 0.08293949399376288,
    "loads_number": 200000,
    "loads_runs": [
      0.08388902299338952,
      0.08308048700564541,
      0.08343190400046296,
      0.08406471399939619,
      0.08315308400779031,
      0.08414522599196061,
      0.08475377401919104,
      0.08481595502234995,
      0.08426703800796531,
      0.08293949399376288,
      0.08417479300987907
    ]
  },
  "nested_dict": {
    "dumps_median": 0.07434552800259553,
    "dumps_min": 0.0731420659867581,
    "dumps_number": 100000,
    "dumps_runs": [
      0.07531479001045227,
      0.07373224999173544,
      0.07370664898189716,
      0.07342061400413513,
      0.0731420659867581,
      0.07467770902439952,
      0.07503044398617931,
      0.07462426999700256,
      0.0738755020138342,
      0.07483597297687083,
      0.07434552800259553
    ],
    "loads_median": 0.07250742800533772,
    "loads_min": 0.07181784400017932,
    "loads_number": 200000,
    "loads_runs": [
      0.07267852002405562,
      0.07230501002050005,
      0.07181784400017932,
      0.0720679480000399,
      0.07254380200174637,
      0.07212767499731854,
      0.07309033197816461,
      0.07232997700339183,
      0.07339794200379401,
      0.07339047201094218,
      0.07250742800533772
    ]
  },
  "small_tuple": {
    "dumps_median": 0.015363972983323038,
    "dumps_min": 0.015148940001381561,
    "dumps_number": 100000,
    "dumps_runs": [
      0.015368007007054985,
      0.015280455001629889,
      0.015282834006939083,
      0.015180368005530909,
      0.015148940001381561,
      0.01528518000850454,
      0.015394849004223943,
      0.015363972983323038,
      0.015438720991369337,
      0.015677611983846873,
      0.01578400598373264
    ],
    "loads_median": 0.025077969999983907,
    "loads_min": 0.024724956980207935,
    "loads_number": 200000,
    "loads_runs": [
      0.027866761985933408,
      0.024864916020305827,
      0.025145669002085924,
      0.024889567983336747,
      0.02473973698215559,
      0.02473353999084793,
      0.025077969999983907,
      0.02516046800883487,
      0.025122569990344346,
      0.024724956980207935,
      0.02526067799772136
    ]
  }
}
