{
  "code_obj": {
    "dumps_median": 0.039093311002943665,
    "dumps_min": 0.03853208900545724,
    "dumps_number": 100000,
    "dumps_runs": [
      0.03952263301471248,
      0.03853208900545724,
      0.038702839985489845,
      0.039093311002943665,
      0.03952905800542794,
      0.03962709600455128,
      0.03873331900103949,
      0.03890918698743917,
      0.03953164297854528,
      0.03972663599415682,
      0.03893458898528479
    ],
    "loads_median": 0.08579147097771056,
    "loads_min": 0.08457510100561194,
    "loads_number": 200000,
    "loads_runs": [
      0.08571545200538822,
      0.08613795001292601,
      0.08466976502677426,
      0.08457510100561194,
      0.08579147097771056,
      0.08606167297693901,
      0.08608556500985287,
      0.08607279698480852,
      0.08584638198954053,
      0.08539813201059587,
      0.08552845497615635
    ]
  },
  "nested_dict": {
    "dumps_median": 0.0733790369995404,
    "dumps_min": 0.0721345600031782,
    "dumps_number": 100000,
    "dumps_runs": [
      0.0737456209899392,
      0.07272098498651758,
      0.07229295599972829,
      0.07266653899569064,
      0.07491926298826002,
      0.07343927401234396,
      0.07353530899854377,
      0.0721345600031782,
      0.07287592100328766,
      0.07443445900571533,
      0.0733790369995404
    ],
    "loads_median": 0.07214623902109452,
    "loads_min": 0.0714967749954667,
    "loads_number": 200000,
    "loads_runs": [
      0.07255928797530942,
      0.0722025019931607,
      0.07204260601429269,
      0.0714967749954667,
      0.07185451500117779,
      0.07151597301708534,
      0.07214623902109452,
      0.07251594401896,
      0.0718693759990856,
      0.07297698201728053,
      0.07265513599850237
    ]
  },
  "small_tuple": {
    "dumps_median": 0.015372966998256743,
    "dumps_min": 0.015162347990553826,
    "dumps_number": 100000,
    "dumps_runs": [
      0.015432773012435064,
      0.015204997995169833,
      0.015162347990553826,
      0.015323817991884425,
      0.01556495000841096,
      0.015372966998256743,
      0.015252572018653154,
      0.015533694997429848,
      0.015234314982080832,
      0.015478985995287076,
      0.015435008011991158
    ],
    "loads_median": 0.024819322978146374,
    "loads_min": 0.024503789987647906,
    "loads_number": 200000,
    "loads_runs": [
      0.02666928799590096,
      0.02475421500275843,
      0.024842896993504837,
      0.024819322978146374,
      0.024503789987647906,
      0.024549788009608164,
      0.024721760011743754,
      0.024588766013039276,
      0.024928136001108214,
      0.024914915004046634,
      0.025074609991861507
    ]
  }
}
