{
  "code_obj": {
    "dumps_median": 0.03861066699028015,
    "dumps_min": 0.03829061400028877,
    "dumps_number": 100000,
    "dumps_runs": [
      0.03861066699028015,
      0.03967850800836459,
      0.038798524998128414,
      0.038854629994602874,
      0.03829061400028877,
      0.03842497800360434,
      0.038555770996026695,
      0.03949232102604583,
      0.038440226984675974,
      0.038455867004813626,
      0.03890348697314039
    ],
    "loads_median": 0.08477738598594442,
    "loads_min": 0.08255283601465635,
    "loads_number": 200000,
    "loads_runs": [
      0.08503403802751563,
      0.08559962498839013,
      0.08436413499293849,
      0.0859253219969105,
      0.08392031298717484,
      0.08477738598594442,
      0.08420120298978873,
      0.08518156799254939,
      0.08608373699826188,
      0.08255283601465635,
      0.08303554999292828
    ]
  },
  "nested_dict": {
    "dumps_median": 0.07384449598612264,
    "dumps_min": 0.07236154898419045,
    "dumps_number": 100000,
    "dumps_runs": [
      0.0748500149929896,
      0.07236154898419045,
      0.07243166700936854,
      0.07274906800012104,
      0.07299651400535367,
      0.07551556499674916,
      0.07513869399554096,
      0.07384449598612264,
      0.07346348999999464,
      0.07528829498915002,
      0.07485370599897578
    ],
    "loads_median": 0.07287541500409134,
    "loads_min": 0.07209090801188722,
    "loads_number": 200000,
    "loads_runs": [
      0.07254791000741534,
      0.0735983659978956,
      0.07354093200410716,
      0.07264083798509091,
      0.0727318059944082,
      0.07349560898728669,
      0.07336675401893444,
      0.07325002702418715,
      0.07287541500409134,
      0.07209090801188722,
      0.07235794598818757
    ]
  },
  "small_tuple": {
    "dumps_median": 0.015514081984292716,
    "dumps_min": 0.015210407989798114,
    "dumps_number": 100000,
    "dumps_runs": [
      0.015748438017908484,
      0.015413881017593667,
      0.01548922000802122,
      0.015210407989798114,
      0.015520148997893557,
      0.015505564020713791,
      0.015538184001343325,
      0.015562913991743699,
      0.015378834010334685,
      0.015558833023533225,
      0.015514081984292716
    ],
    "loads_median": 0.02537923600175418,
    "loads_min": 0.024743166024563834,
    "loads_number": 200000,
    "loads_runs": [
      0.028921025979798287,
      0.029282872012117878,
      0.027216265007155016,
      0.024975700012873858,
      0.02477260900195688,
      0.024743166024563834,
      0.025470549997407943,
      0.02537923600175418,
      0.025482377008302137,
      0.02500459799193777,
      0.025150754023343325
    ]
  }
}
