{
  "code_obj": {
    "dumps_median": 0.03859975902014412,
    "dumps_min": 0.038358157995389774,
    "dumps_number": 100000,
    "dumps_runs": [
      0.03859975902014412,
      0.038815806998172775,
      0.038651545997709036,
      0.038386632018955424,
      0.03850956799578853,
      0.038758448004955426,
      0.038876492995768785,
      0.038358157995389774,
      0.038583580986596644,
      0.03875641000922769,
      0.03842518600868061
    ],
    "loads_median": 0.08391545098857023,
    "loads_min": 0.08281204800005071,
    "loads_number": 200000,
    "loads_runs": [
      0.08391545098857023,
      0.08365646499441937,
      0.0844366009987425,
      0.08418649900704622,
      0.08281204800005071,
      0.08422902200254612,
      0.08417390199610963,
      0.08386583102401346,
      0.08468431601068005,
      0.08358922399929725,
      0.08288625499699265
    ]
  },
  "nested_dict": {
    "dumps_median": 0.07224969199160114,
    "dumps_min": 0.07175821100827307,
    "dumps_number": 100000,
    "dumps_runs": [
      0.0722330319986213,
      0.07224969199160114,
      0.07175821100827307,
      0.07191025698557496,
      0.07206307299202308,
      0.07199287001276389,
      0.0730549760046415,
      0.0728809580032248,
      0.07331392998457886,
      0.07316177600296214,
      0.07256767700891942
    ],
    "loads_median": 0.07226478302618489,
    "loads_min": 0.07167983998078853,
    "loads_number": 200000,
    "loads_runs": [
      0.07247319398447871,
      0.07285689198761247,
      0.07201626701862551,
      0.07167983998078853,
      0.07208228798117489,
      0.07226478302618489,
      0.07262303499737754,
      0.07189797502360307,
      0.07263053100905381,
      0.07221274598850869,
      0.07237509498372674
    ]
  },
  "small_tuple": {
    "dumps_median": 0.015210209996439517,
    "dumps_min": 0.015028170018922538,
    "dumps_number": 100000,
    "dumps_runs": [
      0.015210209996439517,
      0.015356637013610452,
      0.015085900988196954,
      0.015028170018922538,
      0.015100438991794363,
      0.015315671014832333,
      0.015176904998952523,
      0.015208769007585943,
      0.015245105023495853,
      0.015349433990195394,
      0.015317495010094717
    ],
    "loads_median": 0.025087059009820223,
    "loads_min": 0.024549460998969153,
    "loads_number": 200000,
    "loads_runs": [
      0.027895082981558517,
      0.024630763015011325,
      0.02456256898585707,
      0.024549460998969153,
      0.025087059009820223,
      0.024739325017435476,
      0.025273887993535027,
      0.024848716013366356,
      0.025249957019696012,
      0.025194219982950017,
      0.025204714009305462
    ]
  }
}
